time_s,ecg
0.0,0.041000236
0.01,-0.039242044
0.02,0.014230622
0.03,-0.046183262
0.04,0.0077764993
0.05,-0.032959852
0.06,0.10752644
0.07,-0.016315414
0.08,0.018030923
0.09,0.009398678
0.1,0.09664896
0.11,-0.009144317
0.12,0.06906891
0.13,0.0741775
0.14,0.08880364
0.15,0.11369284
0.16,0.09790487
0.17,0.070617236
0.18,0.08481731
0.19,0.0054179085
0.2,0.04280852
0.21,0.09520807
0.22,0.08864402
0.23,0.013017803
0.24,0.016087841
0.25,0.10727055
0.26,0.09026367
0.27,-0.06671871
0.28,0.022969801
0.29,0.03647554
0.3,0.03671269
0.31,0.13765717
0.32,0.038909793
0.33,0.11468393
0.34,-0.041783106
0.35,0.011224896
0.36,0.024246588
0.37,0.028235506
0.38,0.03916081
0.39,0.14244248
0.4,0.0482189
0.41,0.13123259
0.42,0.111330494
0.43,0.038281072
0.44,0.14182211
0.45,0.028525325
0.46,0.15420853
0.47,0.017239207
0.48,0.03444017
0.49,-0.018857528
0.5,0.12754388
0.51,0.06293033
0.52,0.08325032
0.53,0.12750705
0.54,0.18236424
0.55,0.15141474
0.56,0.26233202
0.57,0.20042668
0.58,0.2486812
0.59,0.19788684
0.6,0.35979107
0.61,0.13376756
0.62,0.20518304
0.63,0.12652278
0.64,0.12925239
0.65,0.14666809
0.66,0.05752781
0.67,0.15661685
0.68,0.08129615
0.69,-0.0099028135
0.7,0.07687609
0.71,0.063582316
0.72,-0.022927254
0.73,-0.25861135
0.74,-0.038026992
0.75,0.50578105
0.76,1.1505545
0.77,1.2431295
0.78,0.76140624
0.79,0.1775544
0.8,-0.25016746
0.81,-0.33014435
0.82,-0.20195058
0.83,-0.06799284
0.84,0.085016966
0.85,0.08846125
0.86,0.07239997
0.87,0.15246783
0.88,0.17019695
0.89,0.11549237
0.9,0.25737464
0.91,0.1907026
0.92,0.29087397
0.93,0.3874938
0.94,0.35615894
0.95,0.35532838
0.96,0.33111328
0.97,0.36481184
0.98,0.40716076
0.99,0.3934149
1.0,0.34859976
1.01,0.4008153
1.02,0.39747417
1.03,0.22212268
1.04,0.37226915
1.05,0.26501945
1.06,0.24826421
1.07,0.2586268
1.08,0.19733106
1.09,0.12263057
1.1,0.11333794
1.11,0.026537184
1.12,0.16043904
1.13,0.08900501
1.14,0.13256998
1.15,0.10025095
1.16,0.041116253
1.17,0.18065493
1.18,0.0725628
1.19,0.1705375
1.2,0.07218277
1.21,0.106815375
1.22,0.0949677
1.23,0.045836024
1.24,0.020627825
1.25,0.09788239
1.26,0.10453393
1.27,0.09016493
1.28,0.038086277
1.29,0.15490022
1.3,0.047070242
1.31,0.15576158
1.32,0.14659323
1.33,0.2260759
1.34,0.19811568
1.35,0.15922621
1.36,0.1816778
1.37,0.15636663
1.38,0.16513778
1.39,0.122453645
1.4,0.09583
1.41,0.071359694
1.42,0.035720773
1.43,0.011239223
1.44,0.04453452
1.45,0.007719144
1.46,-0.08125413
1.47,-0.082840756
1.48,-0.27212897
1.49,-0.12878765
1.5,0.35320848
1.51,0.96642584
1.52,1.3177623
1.53,0.7374677
1.54,0.12529944
1.55,-0.33666444
1.56,-0.36297885
1.57,-0.28018057
1.58,0.0053000255
1.59,-0.03953978
1.6,-0.066939734
1.61,-0.003133002
1.62,0.05160481
1.63,0.060061146
1.64,0.048409455
1.65,0.09219259
1.66,0.08868902
1.67,0.13445652
1.68,0.14051497
1.69,0.28266725
1.7,0.27636737
1.71,0.2743074
1.72,0.3195245
1.73,0.31751525
1.74,0.3528213
1.75,0.3093198
1.76,0.33478418
1.77,0.25024563
1.78,0.20741163
1.79,0.17401597
1.8,0.15647228
1.81,0.013378305
1.82,0.14944607
1.83,0.06891269
1.84,0.12032603
1.85,0.0043671126
1.86,-0.009902165
1.87,0.021328252
1.88,0.015493996
1.89,-0.12508418
1.9,-0.017342217
1.91,-0.01942995
1.92,0.0027715599
1.93,0.029131716
1.94,-0.011216612
1.95,-0.021297574
1.96,0.07196245
1.97,-0.08589623
1.98,-0.00055501424
1.99,-0.07217297
2.0,-0.070291154
2.01,-0.006751407
2.02,-0.037346132
2.03,-0.02252505
2.04,-0.049779106
2.05,-0.071442544
2.06,0.0023393154
2.07,0.008212309
2.08,0.10270816
2.09,0.18097278
2.1,0.09629419
2.11,0.18576938
2.12,0.056678087
2.13,0.08146186
2.14,-0.008983502
2.15,0.044366185
2.16,-0.072592095
2.17,-0.18166757
2.18,0.0046361913
2.19,-0.08677637
2.2,0.012829969
2.21,-0.022439495
2.22,-0.14188783
2.23,-0.12576555
2.24,-0.32224372
2.25,-0.26047388
2.26,0.28621417
2.27,1.0494128
2.28,1.064909
2.29,0.6131825
2.3,0.019545477
2.31,-0.32119548
2.32,-0.41812325
2.33,-0.37861866
2.34,-0.19680071
2.35,0.040935233
2.36,0.08698888
2.37,-0.038622085
2.38,0.012455113
2.39,0.054842517
2.4,-0.036650114
2.41,-0.012583654
2.42,0.052806042
2.43,0.12235036
2.44,0.19290212
2.45,0.2232862
2.46,0.25074053
2.47,0.37082228
2.48,0.26792055
2.49,0.25121996
2.5,0.3323596
2.51,0.28286567
2.52,0.23196988
2.53,0.3193174
2.54,0.1796158
2.55,0.2902142
2.56,0.1398001
2.57,0.10036154
2.58,0.06375994
2.59,0.008908857
2.6,0.042884137
2.61,0.055111613
2.62,-0.07860022
2.63,-0.06927009
2.64,-0.06803148
2.65,-0.02266634
2.66,0.053992312
2.67,0.025837515
2.68,-0.07485479
2.69,0.053654395
2.7,-0.061389636
2.71,0.0384205
2.72,0.029745188
2.73,-0.063118584
2.74,0.023704013
2.75,-0.09891845
2.76,0.042109173
2.77,-0.0070803193
2.78,0.0044122334
2.79,0.055183217
2.8,0.0640119
2.81,0.07015207
2.82,0.18259844
2.83,0.19115108
2.84,0.14003861
2.85,0.12992835
2.86,0.16276121
2.87,0.088963404
2.88,0.012210315
2.89,0.040443122
2.9,0.12199219
2.91,0.038561027
2.92,0.07447324
2.93,-0.017014015
2.94,-0.012455091
2.95,0.06781056
2.96,-0.0019242462
2.97,0.07804794
2.98,-0.10544477
2.99,-0.25524712
3.0,-0.055273976
3.01,0.54841906
3.02,1.2488613
3.03,1.1629646
3.04,0.6278639
3.05,0.12519887
3.06,-0.39734352
3.07,-0.33365294
3.08,-0.27777112
3.09,-0.0027504314
3.1,-0.015800754
3.11,0.11044774
3.12,0.11029975
3.13,0.16342722
3.14,0.19563137
3.15,0.16551818
3.16,0.16509011
3.17,0.23832615
3.18,0.25799096
3.19,0.2820037
3.2,0.3395963
3.21,0.3773179
3.22,0.39685762
3.23,0.4974856
3.24,0.3911688
3.25,0.42245978
3.26,0.3618541
3.27,0.30073187
3.28,0.35677952
3.29,0.34140456
3.3,0.32291517
3.31,0.31006387
3.32,0.2939457
3.33,0.17105967
3.34,0.27964762
3.35,0.16362715
3.36,0.073408775
3.37,0.11858446
3.38,0.07694732
3.39,0.030001866
3.4,0.16359842
3.41,0.12175362
3.42,0.03390032
3.43,0.093343705
3.44,0.17137985
3.45,0.08082913
3.46,0.19708484
3.47,0.17442185
3.48,0.05215433
3.49,0.09708722
3.5,0.08406203
3.51,0.13602488
3.52,0.149151
3.53,0.07831676
3.54,0.09425922
3.55,0.15826836
3.56,0.08129957
3.57,0.10295176
3.58,0.17507258
3.59,0.22400716
3.6,0.10717316
3.61,0.24752301
3.62,0.20836577
3.63,0.297223
3.64,0.1408152
3.65,0.24355498
3.66,0.24410786
3.67,0.2583432
3.68,0.17565775
3.69,0.13625462
3.7,0.18861526
3.71,0.13036105
3.72,0.04329372
3.73,0.12103216
3.74,0.120265655
3.75,0.09877532
3.76,0.046021964
3.77,0.04437747
3.78,-0.15983854
3.79,-0.11954878
3.8,0.19726846
3.81,0.81264263
3.82,1.2781575
3.83,1.0870095
3.84,0.59440356
3.85,-0.014367382
3.86,-0.16990416
3.87,-0.25886267
3.88,-0.0022425952
3.89,0.10982143
3.9,0.13924363
3.91,0.10726568
3.92,0.17428452
3.93,0.19559364
3.94,0.21913534
3.95,0.19218852
3.96,0.26623827
3.97,0.3617905
3.98,0.29243377
3.99,0.3617202
4.0,0.35801548
4.01,0.42384905
4.02,0.36408052
4.03,0.3886728
4.04,0.51576173
4.05,0.40872985
4.06,0.4756502
4.07,0.39490718
4.08,0.39749777
4.09,0.21075954
4.1,0.33881292
4.11,0.17375426
4.12,0.29345483
4.13,0.24825071
4.14,0.14009804
4.15,0.100772545
4.16,0.08740037
4.17,0.16015396
4.18,0.10613408
4.19,0.14982408
4.2,0.05910295
4.21,0.035984695
4.22,0.08384576
4.23,0.08230465
4.24,0.03067631
4.25,0.15716359
4.26,0.18914923
4.27,0.11097619
4.28,0.066734
4.29,0.05313903
4.3,0.06548802
4.31,0.08598407
4.32,0.042318568
4.33,0.03403249
4.34,0.11348055
4.35,0.06630747
4.36,0.11200584
4.37,0.15932958
4.38,0.16775152
4.39,0.11199044
4.4,0.15112656
4.41,0.2188684
4.42,0.19536786
4.43,0.23465012
4.44,0.18492122
4.45,0.15983373
4.46,0.13733631
4.47,0.015419048
4.48,0.06026049
4.49,0.061078373
4.5,0.044002242
4.51,0.039411295
4.52,-0.052338645
4.53,0.051901385
4.54,0.036492903
4.55,-0.16503657
4.56,-0.24847542
4.57,0.0778656
4.58,0.8268337
4.59,1.1250839
4.6,1.0278797
4.61,0.46636733
4.62,-0.09032193
4.63,-0.40289024
4.64,-0.34917656
4.65,-0.14884757
4.66,-0.06519005
4.67,0.07117199
4.68,0.12831971
4.69,-0.017081305
4.7,0.029571969
4.71,0.054567493
4.72,0.1045217
4.73,0.049186822
4.74,0.108545825
4.75,0.15805079
4.76,0.22064294
4.77,0.22405128
4.78,0.34922272
4.79,0.33936903
4.8,0.32726386
4.81,0.36377788
4.82,0.32107502
4.83,0.2679098
4.84,0.331761
4.85,0.19304855
4.86,0.20158544
4.87,0.22773103
4.88,0.1407523
4.89,0.166395
4.9,0.16183938
4.91,-0.019162077
4.92,0.031289056
4.93,-0.009422074
4.94,0.01599847
4.95,0.07344719
4.96,0.039745446
4.97,-0.06888821
4.98,-0.02875708
4.99,0.0039143446
5.0,-0.022258451
5.01,0.007865906
5.02,-0.052551907
5.03,0.030297088
5.04,-0.05553641
5.05,-0.009219917
5.06,-0.0155450385
5.07,-0.008662726
5.08,0.034445748
5.09,-0.08516878
5.1,-0.070624
5.11,0.059600253
5.12,-0.051121168
5.13,-0.026571814
5.14,-0.00055233814
5.15,0.043427862
5.16,0.05326275
5.17,0.10883813
5.18,0.15154275
5.19,0.15618627
5.2,0.16921806
5.21,0.06988473
5.22,0.055140134
5.23,0.061858486
5.24,0.054926272
5.25,0.020021351
5.26,-0.06764418
5.27,0.009109541
5.28,-0.096686915
5.29,-0.06648589
5.3,-0.07106119
5.31,-0.06499718
5.32,-0.09618566
5.33,-0.14123933
5.34,-0.23638628
5.35,-0.17385417
5.36,0.3423784
5.37,0.88954204
5.38,1.177957
5.39,0.66882676
5.4,0.07748363
5.41,-0.35130107
5.42,-0.4128457
5.43,-0.26962498
5.44,-0.22110523
5.45,-0.047278885
5.46,0.025298895
5.47,0.023666315
5.48,-0.06986556
5.49,0.04133992
5.5,0.10531042
5.51,0.08418052
5.52,0.18173155
5.53,0.1758755
5.54,0.24357966
5.55,0.286414
5.56,0.1883396
5.57,0.2296171
5.58,0.32016778
5.59,0.30430865
5.6,0.29347888
5.61,0.28754693
5.62,0.2958823
5.63,0.19684292
5.64,0.31706366
5.65,0.2515515
5.66,0.21466988
5.67,0.04510747
5.68,0.12697335
5.69,0.08213906
5.7,0.035760682
5.71,0.04468819
5.72,-0.049232308
5.73,-0.031101795
5.74,-0.11368635
5.75,-0.054701433
5.76,0.040262874
5.77,-0.0048918445
5.78,0.007741913
5.79,-0.07563578
5.8,0.019577695
5.81,0.064575344
5.82,0.032454677
5.83,0.007220111
5.84,0.01670467
5.85,-0.004706622
5.86,0.11868701
5.87,-0.09829369
5.88,0.08273313
5.89,0.075893395
5.9,-0.013965235
5.91,0.044163767
5.92,0.067203894
5.93,0.1181759
5.94,0.090008035
5.95,0.2304894
5.96,0.139072
5.97,0.25656486
5.98,0.21705954
5.99,0.14098147
6.0,0.12413696
6.01,0.13619772
6.02,0.052882403
6.03,0.05954853
6.04,0.113291375
6.05,0.025840048
6.06,0.045326266
6.07,0.15718974
6.08,0.0235038
6.09,0.04900069
6.1,0.009532854
6.11,-0.15803175
6.12,-0.20686379
6.13,0.04281095
6.14,0.75138324
6.15,1.215991
6.16,1.0197412
6.17,0.45582938
6.18,-0.061743792
6.19,-0.31169158
6.2,-0.3156948
6.21,-0.14156961
6.22,0.028115705
6.23,-0.022420831
6.24,0.1340428
6.25,0.022595797
6.26,0.11262542
6.27,0.23390694
6.28,0.1664625
6.29,0.21006402
6.3,0.24985433
6.31,0.23005046
6.32,0.30604634
6.33,0.40544534
6.34,0.4467799
6.35,0.36475977
6.36,0.39634997
6.37,0.3065662
6.38,0.44816914
6.39,0.38500786
6.4,0.3840873
6.41,0.30568945
6.42,0.42257655
6.43,0.31708556
6.44,0.20027527
6.45,0.23586527
6.46,0.24180783
6.47,0.12219861
6.48,0.13318913
6.49,0.13843445
6.5,0.16084103
6.51,0.0841664
6.52,0.0943603
6.53,0.02722313
6.54,0.1017173
6.55,0.12505463
6.56,0.06079781
6.57,0.052031994
6.58,0.12660329
6.59,0.028604183
6.6,0.113817
6.61,0.13580482
6.62,0.031702086
6.63,0.08192811
6.64,0.110799044
6.65,0.12366221
6.66,-0.03620042
6.67,0.11817559
6.68,0.09829864
6.69,0.18773295
6.7,0.17015937
6.71,0.2058236
6.72,0.13964015
6.73,0.271257
6.74,0.29056773
6.75,0.24240632
6.76,0.078735635
6.77,0.19457076
6.78,0.105625756
6.79,0.23180307
6.8,0.23227596
6.81,0.101683944
6.82,0.1744169
6.83,0.08218119
6.84,0.13630539
6.85,0.13106216
6.86,0.11466442
6.87,0.013126442
6.88,-0.039615747
6.89,-0.15763897
6.9,0.011271863
6.91,0.65495473
6.92,1.246003
6.93,1.2247188
6.94,0.61400455
6.95,-0.0008045626
6.96,-0.30907318
6.97,-0.3069004
6.98,-0.1623011
6.99,0.06412947
7.0,0.11706324
7.01,0.18893108
7.02,0.039027844
7.03,0.14079273
7.04,0.079558454
7.05,0.11703878
7.06,0.17788152
7.07,0.24418224
7.08,0.18569182
7.09,0.29160893
7.1,0.3410157
7.11,0.33332068
7.12,0.47086912
7.13,0.27698955
7.14,0.38521495
7.15,0.4465847
7.16,0.3840411
7.17,0.3724633
7.18,0.33230737
7.19,0.27575582
7.2,0.22899592
7.21,0.20449477
7.22,0.25644472
7.23,0.07676532
7.24,0.10627614
7.25,0.16284758
7.26,0.03845555
7.27,0.08908769
7.28,-0.009164992
7.29,0.066280425
7.3,0.089064635
7.31,0.063614376
7.32,0.089966126
7.33,0.01533911
7.34,0.07383923
7.35,0.017442849
7.36,0.09601902
7.37,0.035009347
7.38,0.16680087
7.39,-0.000995085
7.4,0.04401523
7.41,0.104372405
7.42,0.155273
7.43,0.16321744
7.44,0.117458075
7.45,0.13025652
7.46,0.20947248
7.47,0.20799623
7.48,0.13491513
7.49,0.17700997
7.5,0.17097494
7.51,0.096741155
7.52,0.1572842
7.53,0.11840991
7.54,0.14081906
7.55,0.0015589839
7.56,-0.040525634
7.57,-0.026519196
7.58,-0.0012968084
7.59,0.105061784
7.6,0.07866118
7.61,-0.056600414
7.62,-0.25979513
7.63,-0.27066624
7.64,-0.07529887
7.65,0.61499226
7.66,1.0927662
7.67,1.0434752
7.68,0.51416713
7.69,-0.11018328
7.7,-0.348352
7.71,-0.46443403
7.72,-0.34169874
7.73,-0.15122353
7.74,-0.15210237
7.75,-0.07225895
7.76,-0.03482651
7.77,0.08110594
7.78,0.054949705
7.79,0.09068787
7.8,0.0666608
7.81,0.1413081
7.82,0.13067418
7.83,0.16386093
7.84,0.23510206
7.85,0.09340986
7.86,0.31253752
7.87,0.28344843
7.88,0.21440332
7.89,0.32207865
7.9,0.27448943
7.91,0.30386022
7.92,0.19237642
7.93,0.1685077
7.94,0.19451113
7.95,0.15317616
7.96,0.11255596
7.97,0.09171982
7.98,0.079933636
7.99,0.01856239
8.0,0.008396101
8.01,0.05284983
8.02,0.06421423
8.03,-0.08084498
8.04,-0.0158608
8.05,-0.03861423
8.06,-0.10243949
8.07,-0.10590443
8.08,-0.10320598
8.09,0.029471114
8.1,-0.09917386
8.11,-0.06518542
8.12,-0.040457558
8.13,-0.093827516
8.14,-0.06328006
8.15,-0.061683554
8.16,0.016949873
8.17,-0.080020644
8.18,-0.042341724
8.19,-0.061128385
8.2,-0.06478641
8.21,0.009430438
8.22,0.093249425
8.23,0.14122668
8.24,0.09596088
8.25,0.10075998
8.26,0.0511854
8.27,0.0029183235
8.28,0.03162402
8.29,-0.047838878
8.3,-0.08505248
8.31,-0.067464784
8.32,-0.11681658
8.33,-0.061045147
8.34,-0.1212542
8.35,-0.035391588
8.36,-0.050347626
8.37,-0.2669877
8.38,-0.24936241
8.39,-0.34735224
8.4,-0.24096099
8.41,0.35141507
8.42,0.97764146
8.43,1.0928305
8.44,0.6356012
8.45,-0.01951237
8.46,-0.38566896
8.47,-0.46190113
8.48,-0.3825888
8.49,-0.3582267
8.5,-0.043079384
8.51,-0.113940276
8.52,-0.049687862
8.53,-0.10885855
8.54,-0.017002046
8.55,0.049882784
8.56,0.06398189
8.57,0.06149563
8.58,0.05307876
8.59,0.070992306
8.6,0.16630116
8.61,0.20960054
8.62,0.2269378
8.63,0.17729431
8.64,0.2593885
8.65,0.1761515
8.66,0.22656824
8.67,0.23877344
8.68,0.16202308
8.69,0.10532455
8.7,0.19674617
8.71,0.08294189
8.72,0.10768358
8.73,0.14377367
8.74,0.09339585
8.75,0.1241456
8.76,0.057819802
8.77,-0.08569378
8.78,-0.045576066
8.79,-0.07937476
8.8,-0.0118873855
8.81,0.03340057
8.82,-0.025755132
8.83,-0.048945315
8.84,-0.10839249
8.85,-0.011625585
8.86,0.0026120588
8.87,-0.041842632
8.88,-0.08595194
8.89,0.051251203
8.9,-0.13180573
8.91,-0.046420284
8.92,-0.057650264
8.93,0.023356725
8.94,0.013361059
8.95,0.013080706
8.96,-0.11416513
8.97,-0.024715679
8.98,-0.012617173
8.99,-0.07855946
9.0,-0.05892433
9.01,0.066315055
9.02,-0.06730499
9.03,0.020139424
9.04,0.1454118
9.05,0.054726638
9.06,0.100149296
9.07,0.16508085
9.08,0.11059673
9.09,0.07898119
9.1,0.08324654
9.11,-0.0011866895
9.12,0.009789081
9.13,0.03655299
9.14,-0.028827464
9.15,0.02539558
9.16,0.07297583
9.17,-0.13758549
9.18,-1.7102746e-05
9.19,-0.03962093
9.2,-0.042122714
9.21,-0.23669273
9.22,-0.2209155
9.23,0.17067286
9.24,0.8164112
9.25,1.0938898
9.26,0.9129053
9.27,0.29009035
9.28,-0.18170819
9.29,-0.41144732
9.3,-0.39045247
9.31,-0.14102808
9.32,0.05206543
9.33,0.08981754
9.34,0.06700344
9.35,0.06459058
9.36,0.012006448
9.37,0.06985986
9.38,0.13824005
9.39,0.16860351
9.4,0.17237867
9.41,0.358446
9.42,0.2643724
9.43,0.20412746
9.44,0.37928623
9.45,0.34873855
9.46,0.30902547
9.47,0.3653062
9.48,0.3449061
9.49,0.35399014
9.5,0.33633187
9.51,0.3416405
9.52,0.37829068
9.53,0.2045365
9.54,0.2728493
9.55,0.13319024
9.56,0.118292645
9.57,0.11787489
9.58,0.164377
9.59,0.07612776
9.6,0.085425384
9.61,0.033508863
9.62,0.070686944
9.63,0.06042876
9.64,0.03878969
9.65,-0.016304608
9.66,0.094673954
9.67,0.034671526
9.68,-0.019181581
9.69,-0.045842048
9.7,0.13857333
9.71,0.0985398
9.72,0.10861069
9.73,0.0879802
9.74,0.08902609
9.75,0.10126913
9.76,0.16985996
9.77,0.094591394
9.78,0.14109814
9.79,0.19085702
9.8,0.21702577
9.81,0.23506235
9.82,0.16042161
9.83,0.027926745
9.84,0.11156104
9.85,0.058034044
9.86,0.04439008
9.87,0.08253687
9.88,0.022658112
9.89,-0.04459183
9.9,0.008158497
9.91,0.12257593
9.92,0.020735534
9.93,-0.25685808
9.94,-0.12915678
9.95,0.4484185
9.96,1.0482703
9.97,1.1476185
9.98,0.66183954
9.99,0.13311689
10.0,-0.2743717
10.01,-0.42160395
10.02,-0.23866574
10.03,0.022064826
10.04,-0.07135979
10.05,0.12335056
10.06,0.08981766
10.07,0.07584286
10.08,0.08706958
10.09,0.16247901
10.1,0.11822853
10.11,0.21290681
10.12,0.2516996
10.13,0.23272783
10.14,0.20910048
10.15,0.27295902
10.16,0.34672073
10.17,0.37442985
10.18,0.43835443
10.19,0.22594896
10.2,0.308308
10.21,0.29014325
10.22,0.24876727
10.23,0.24652155
10.24,0.29375294
10.25,0.20279293
10.26,0.2041166
10.27,0.19244689
10.28,0.19336814
10.29,0.082027666
10.3,0.16606022
10.31,-0.006841731
10.32,0.016925894
10.33,0.057536315
10.34,-0.074709475
10.35,-0.05238912
10.36,0.0551105
10.37,0.03603649
10.38,0.11977312
10.39,0.0077964766
10.4,0.0006848333
10.41,-0.060368493
10.42,0.024978094
10.43,-0.03311198
10.44,0.04259136
10.45,0.071645126
10.46,-0.058690507
10.47,0.06679349
10.48,0.08357495
10.49,0.11800456
10.5,0.1570862
10.51,0.20640215
10.52,0.09105156
10.53,0.12590902
10.54,0.07471941
10.55,0.071368575
10.56,-0.06558756
10.57,-0.042118754
10.58,0.0442144
10.59,0.019885514
10.6,0.0015173709
10.61,0.005420415
10.62,-0.029708924
10.63,-0.078553066
10.64,-0.075443655
10.65,-0.3575343
10.66,-0.23150982
10.67,0.13130459
10.68,0.80332583
10.69,1.1214263
10.7,0.86779314
10.71,0.15483502
10.72,-0.27585545
10.73,-0.48098227
10.74,-0.24290544
10.75,-0.19581051
10.76,-0.07080683
10.77,-0.0022659402
10.78,-0.009579575
10.79,-0.015696853
10.8,0.04973307
10.81,0.040931065
10.82,0.013316701
10.83,0.12675884
10.84,0.17243822
10.85,0.12985736
10.86,0.23366214
10.87,0.1880275
10.88,0.17023258
10.89,0.2167315
10.9,0.35622358
10.91,0.2617641
10.92,0.24358079
10.93,0.13262871
10.94,0.18018228
10.95,0.085167706
10.96,0.10792305
10.97,0.026821604
10.98,0.08113795
10.99,0.13954581
11.0,0.03672312
11.01,-0.027219601
11.02,-0.059642818
11.03,-0.04303888
11.04,-0.071971096
11.05,-0.10630383
11.06,-0.08792426
11.07,-0.04020273
11.08,-0.15348507
11.09,-0.06594684
11.1,-0.16907284
11.11,-0.103363
11.12,-0.107973315
11.13,-0.2100405
11.14,-0.17237438
11.15,-0.10211787
11.16,-0.16066483
11.17,-0.11312094
11.18,-0.1484805
11.19,-0.17003047
11.2,-0.113798484
11.21,-0.12384232
11.22,-0.20762527
11.23,0.021452777
11.24,-0.0014247241
11.25,-0.017390547
11.26,-0.01623653
11.27,0.027621193
11.28,0.0065636723
11.29,-0.016809937
11.3,-0.022908699
11.31,0.0074936394
11.32,-0.09425131
11.33,-0.14322369
11.34,-0.037779912
11.35,-0.046444565
11.36,-0.089058354
11.37,-0.107291676
11.38,-0.13816386
11.39,-0.16883016
11.4,-0.25737715
11.41,-0.25237134
11.42,-0.3881979
11.43,-0.31900245
11.44,0.38800788
11.45,0.9667404
11.46,0.96494997
11.47,0.49471998
11.48,-0.13774894
11.49,-0.48453882
11.5,-0.55900216
11.51,-0.29688928
11.52,-0.25721437
11.53,-0.17105158
11.54,-0.056349657
11.55,-0.05700664
11.56,-0.065471865
11.57,0.0076962234
11.58,0.0036730848
11.59,0.07792215
11.6,-0.094138406
11.61,0.07911267
11.62,0.044926412
11.63,0.2296412
11.64,0.21086383
11.65,0.18773441
11.66,0.21570688
11.67,0.1650771
11.68,0.2196192
11.69,0.32790142
11.7,0.2702136
11.71,0.17723139
11.72,0.1339722
11.73,0.09040368
11.74,0.017586213
11.75,0.03591328
11.76,0.034344606
11.77,-0.04385341
11.78,-0.022507317
11.79,-0.08409224
11.8,0.017749095
11.81,-0.05370121
11.82,-0.09098248
11.83,-0.028293395
11.84,-0.048059836
11.85,-0.056330524
11.86,-0.06401145
11.87,-0.01062141
11.88,-0.08665297
11.89,-0.10374889
11.9,-0.06297516
11.91,-0.032604214
11.92,-0.13006192
11.93,-0.026149921
11.94,-0.058648814
11.95,0.0045030066
11.96,-0.05909247
11.97,0.022688111
11.98,-0.06404004
11.99,0.035956196
12.0,0.11999663
12.01,0.10010118
12.02,0.13267389
12.03,0.10633908
12.04,0.002850267
12.05,0.04786713
12.06,0.026926309
12.07,-0.0019291545
12.08,-0.08608237
12.09,-0.0021939636
12.1,-0.071455315
12.11,-0.06785036
12.12,-0.1246294
12.13,-0.08863458
12.14,-0.16428652
12.15,-0.20998235
12.16,-0.33384937
12.17,-0.114975825
12.18,0.3994109
12.19,1.1095382
12.2,1.1265476
12.21,0.6266792
12.22,0.012786799
12.23,-0.3468497
12.24,-0.49306777
12.25,-0.24736746
12.26,-0.25244236
12.27,-0.05995359
12.28,-0.010924733
12.29,0.05137934
12.3,-0.0257532
12.31,0.06402876
12.32,0.05497177
12.33,0.1679753
12.34,0.07698778
12.35,0.24596356
12.36,0.28096727
12.37,0.27772138
12.38,0.34327173
12.39,0.2511791
12.4,0.30729493
12.41,0.34406763
12.42,0.38191766
12.43,0.32531396
12.44,0.3061172
12.45,0.26425627
12.46,0.31741735
12.47,0.24959525
12.48,0.22423139
12.49,0.22173996
12.5,0.12351716
12.51,0.12411188
12.52,0.14973788
12.53,0.03505711
12.54,0.03332576
12.55,0.0984473
12.56,0.07268344
12.57,0.006668076
12.58,0.06093102
12.59,0.048286237
12.6,-0.0014812105
12.61,0.098232776
12.62,0.07003675
12.63,0.04841219
12.64,0.067857996
12.65,-0.07574634
12.66,-0.00086868537
12.67,0.13591476
12.68,0.03563968
12.69,0.041724794
12.7,0.00059216813
12.71,0.10596039
12.72,0.112320706
12.73,0.11560767
12.74,0.10921886
12.75,0.2722862
12.76,0.1673097
12.77,0.21206534
12.78,0.15795992
12.79,0.12877172
12.8,0.0964484
12.81,0.13553624
12.82,0.09999121
12.83,-0.04508257
12.84,0.08059001
12.85,0.09428602
12.86,-0.03360796
12.87,0.00277897
12.88,0.0030401067
12.89,-0.09814974
12.9,-0.29901725
12.91,-0.072469674
12.92,0.36765835
12.93,1.0230459
12.94,1.2422054
12.95,0.74365073
12.96,0.08369086
12.97,-0.23753965
12.98,-0.43647036
12.99,-0.28508252
13.0,-0.06392713
13.01,0.031645034
13.02,0.053789444
13.03,0.055926725
13.04,0.13326295
13.05,0.06530594
13.06,0.18092482
13.07,0.16879289
13.08,0.25361487
13.09,0.16345656
13.1,0.24862283
13.11,0.2846683
13.12,0.34796435
13.13,0.35069215
13.14,0.50266474
13.15,0.39190227
13.16,0.3306168
13.17,0.32374197
13.18,0.33678687
13.19,0.23764965
13.2,0.23602532
13.21,0.21141721
13.22,0.20806737
13.23,0.21253827
13.24,0.20250091
13.25,0.06589296
13.26,0.0919977
13.27,0.0014746445
13.28,0.0012571584
13.29,0.030959135
13.3,-0.03425859
13.31,0.11911124
13.32,-0.0036409174
13.33,0.054531515
13.34,0.04265376
13.35,0.093050696
13.36,0.0018351687
13.37,-0.009619023
13.38,-0.019872498
13.39,-0.045005508
13.4,-0.0013695013
13.41,0.001017916
13.42,-0.07126658
13.43,-0.027468704
13.44,0.027622916
13.45,-0.030478297
13.46,-0.037796672
13.47,-0.07592076
13.48,-0.022071922
13.49,0.0028932819
13.5,-0.07104292
13.51,0.01620873
13.52,-0.010675197
13.53,0.13556191
13.54,0.10167308
13.55,0.124616295
13.56,0.068464585
13.57,0.19889405
13.58,0.11214878
13.59,-0.03829913
13.6,0.086161114
13.61,-0.067541614
13.62,-0.008128147
13.63,-0.023251925
13.64,0.02064483
13.65,-0.019660857
13.66,-0.038150024
13.67,-0.034399107
13.68,-0.04443532
13.69,-0.10212104
13.7,-0.34020653
13.71,-0.1918628
13.72,0.16167212
13.73,0.8337402
13.74,1.2754314
13.75,0.8391197
13.76,0.19056015
13.77,-0.2773587
13.78,-0.42640337
13.79,-0.44841617
13.8,-0.31033903
13.81,-0.14769167
13.82,-0.09188761
13.83,0.040602792
13.84,0.0078049037
13.85,-0.037948485
13.86,-0.06623066
13.87,-0.0040322905
13.88,0.13992046
13.89,0.061666943
13.9,0.009522649
13.91,0.05897869
13.92,0.17854914
13.93,0.16600975
13.94,0.1955392
13.95,0.1833472
13.96,0.26185155
13.97,0.3528455
13.98,0.26065215
13.99,0.21625881
14.0,0.14524522
14.01,0.13344179
14.02,0.085339315
14.03,0.13393663
14.04,-0.009560522
14.05,0.017827578
14.06,0.016098421
14.07,-0.08427426
14.08,-0.09967265
14.09,0.01819996
14.1,-0.03244932
14.11,-0.09858238
14.12,-0.06069749
14.13,-0.09059014
14.14,0.019903041
14.15,-0.14146227
14.16,-0.13511918
14.17,-0.096667014
14.18,-0.16941938
14.19,-0.11734096
14.2,-0.075563654
14.21,-0.13001296
14.22,-0.13852045
14.23,-0.11358344
14.24,-0.17288838
14.25,-0.13485768
14.26,-0.04879708
14.27,-0.025692623
14.28,-0.08188914
14.29,-0.057201736
14.3,-0.0007378394
14.31,-0.08646956
14.32,-0.01165365
14.33,0.031698756
14.34,0.025345983
14.35,0.029320039
14.36,0.032361966
14.37,-0.02024476
14.38,0.086278826
14.39,-0.20111664
14.4,-0.12790625
14.41,-0.10590631
14.42,-0.10963547
14.43,-0.16440207
14.44,-0.17442054
14.45,-0.111961536
14.46,-0.115319714
14.47,-0.19637898
14.48,-0.39294574
14.49,-0.2882452
14.5,0.27003247
14.51,0.922749
14.52,1.0207013
14.53,0.5189799
14.54,-0.08909523
14.55,-0.4807679
14.56,-0.48377633
14.57,-0.36488962
14.58,-0.19867408
14.59,-0.1256248
14.6,-0.031078668
14.61,-0.12134583
14.62,-0.19321723
14.63,-0.12910837
14.64,0.08489107
14.65,-0.027613332
14.66,0.037398167
14.67,-0.04866032
14.68,0.104115434
14.69,0.11661896
14.7,0.19630818
14.71,0.1477745
14.72,0.24124719
14.73,0.1757413
14.74,0.26474315
14.75,0.24590388
14.76,0.18510902
14.77,0.14050679
14.78,0.20128371
14.79,0.10141527
14.8,0.1076016
14.81,0.025047008
14.82,0.037391216
14.83,-0.048339292
14.84,-0.01698509
14.85,-0.005386299
14.86,-0.07908674
14.87,-0.035840802
14.88,0.01358856
14.89,-0.03560174
14.9,-0.17493933
14.91,0.015041646
14.92,-0.10673388
14.93,-0.11160376
14.94,0.008495908
14.95,-0.15015802
14.96,-0.011288907
14.97,-0.03267061
14.98,-0.04394993
14.99,-0.06355763
15.0,-0.08014512
15.01,-0.09795341
15.02,0.004911137
15.03,-0.081165954
15.04,-0.060193293
15.05,0.0062970356
15.06,-0.03671508
15.07,0.001994107
15.08,0.008614842
15.09,0.09425322
15.1,0.09190551
15.11,0.0767363
15.12,0.12183139
15.13,0.1508282
15.14,0.12733036
15.15,0.16333343
15.16,0.027497908
15.17,0.019829324
15.18,-0.078039914
15.19,-0.019232891
15.2,0.0046615805
15.21,-0.023233438
15.22,-0.053520948
15.23,-0.10683731
15.24,-0.19974265
15.25,-0.17250144
15.26,-0.3195834
15.27,0.2097858
15.28,0.8712705
15.29,1.2836622
15.3,0.8635618
15.31,0.26361963
15.32,-0.21839207
15.33,-0.43219867
15.34,-0.4155441
15.35,-0.16868238
15.36,0.030356703
15.37,0.039646946
15.38,0.0485015
15.39,0.022713821
15.4,0.14027877
15.41,0.09767158
15.42,-0.020589588
15.43,0.17701736
15.44,0.23763336
15.45,0.25734225
15.46,0.25523472
15.47,0.3588499
15.48,0.41260204
15.49,0.43311787
15.5,0.35130095
15.51,0.3193616
15.52,0.38519084
15.53,0.3289256
15.54,0.28175068
15.55,0.35490742
15.56,0.2369991
15.57,0.18189535
15.58,0.21613237
15.59,0.034868877
15.6,0.06678898
15.61,0.1651116
15.62,0.095230736
15.63,0.0409869
15.64,0.014840008
15.65,0.10374893
15.66,0.020729493
15.67,0.0985863
15.68,0.061209537
15.69,0.0055699125
15.7,0.09121317
15.71,0.015521949
15.72,0.11057833
15.73,0.041760962
15.74,0.01780602
15.75,0.061777536
15.76,0.048856433
15.77,0.121278666
15.78,0.15463705
15.79,0.10960519
15.8,0.04623381
15.81,0.08159124
15.82,0.056812007
15.83,0.11161868
15.84,0.22007959
15.85,0.22438265
15.86,0.25247294
15.87,0.26229048
15.88,0.14484286
15.89,0.18610618
15.9,0.16095383
15.91,0.092569076
15.92,0.111967504
15.93,0.083796196
15.94,-0.00063285406
15.95,0.11994608
15.96,0.13019219
15.97,0.02349398
15.98,-0.010932141
15.99,0.0607
16.0,-0.11233537
16.01,-0.19819573
16.02,-0.012878034
16.03,0.60233533
16.04,1.1333992
16.05,1.1387999
16.06,0.6306085
16.07,0.15301116
16.08,-0.2361285
16.09,-0.23935711
16.1,-0.23760615
16.11,0.13396786
16.12,0.1462688
16.13,0.094629005
16.14,0.065747224
16.15,0.07980258
16.16,0.1727267
16.17,0.10203826
16.18,0.11761092
16.19,0.18438189
16.2,0.26449078
16.21,0.2121298
16.22,0.2926009
16.23,0.312204
16.24,0.37581074
16.25,0.37233678
16.26,0.39926255
16.27,0.3333897
16.28,0.2634834
16.29,0.38859504
16.3,0.31256473
16.31,0.36857948
16.32,0.15807211
16.33,0.24961954
16.34,0.22718288
16.35,0.17853503
16.36,0.12693974
16.37,0.09622588
16.38,-0.0037066757
16.39,0.1356133
16.4,0.073214754
16.41,-0.054384813
16.42,0.011669796
16.43,0.100887746
16.44,-0.021622723
16.45,0.05160463
16.46,0.0029462352
16.47,0.0993803
16.48,0.04237465
16.49,0.07634623
16.5,-0.025402715
16.51,0.00077011326
16.52,0.049867842
16.53,0.048748754
16.54,0.09472355
16.55,0.04285991
16.56,0.005904984
16.57,0.03518802
16.58,0.08381661
16.59,0.06724726
16.6,0.15994422
16.61,0.09817077
16.62,0.14393944
16.63,0.14796409
16.64,0.1732674
16.65,0.10402612
16.66,0.057169788
16.67,-0.016193604
16.68,-0.06128291
16.69,0.13042192
16.7,-0.025035648
16.71,0.05904217
16.72,-0.02693414
16.73,0.033237953
16.74,-0.0914386
16.75,-0.047218103
16.76,-0.20921236
16.77,-0.27668667
16.78,0.12063208
16.79,0.74171215
16.8,1.1175423
16.81,0.81115746
16.82,0.19467224
16.83,-0.2663531
16.84,-0.43034896
16.85,-0.4509127
16.86,-0.06862756
16.87,-0.06359382
16.88,-0.06609579
16.89,0.0061051003
16.9,0.04325502
16.91,0.04754127
16.92,0.032248728
16.93,0.04923072
16.94,0.087279834
16.95,0.15905768
16.96,0.23011498
16.97,0.190631
16.98,0.21304892
16.99,0.28758082
17.0,0.32052076
17.01,0.3501904
17.02,0.3015011
17.03,0.30234635
17.04,0.30962405
17.05,0.24298498
17.06,0.15082309
17.07,0.21079765
17.08,0.09057514
17.09,0.05033806
17.1,0.0150976535
17.11,0.045497883
17.12,0.0043261885
17.13,0.025159024
17.14,-0.07371928
17.15,-0.010447478
17.16,-0.010917986
17.17,-0.06678042
17.18,-0.12624636
17.19,0.0011364671
17.2,-0.079958744
17.21,-0.021874938
17.22,-0.009165952
17.23,-0.1123845
17.24,-0.12232826
17.25,0.044337124
17.26,-0.072406486
17.27,-0.067126
17.28,-0.052505914
17.29,-0.08781406
17.3,-0.08529503
17.31,-0.03260078
17.32,0.03263583
17.33,-0.08923043
17.34,0.033445187
17.35,0.09498414
17.36,0.049286008
17.37,0.04736841
17.38,0.11186606
17.39,0.033912733
17.4,-0.016828032
17.41,0.03020805
17.42,-0.038416408
17.43,-0.10479906
17.44,-0.032310255
17.45,-0.08753769
17.46,-0.113263756
17.47,-0.017498078
17.48,0.01823221
17.49,-0.119587526
17.5,-0.13348983
17.51,-0.1735574
17.52,-0.4206943
17.53,-0.14999229
17.54,0.35170317
17.55,0.98365074
17.56,1.1083183
17.57,0.5540716
17.58,-0.058755755
17.59,-0.36301643
17.6,-0.50616324
17.61,-0.3041592
17.62,-0.2705104
17.63,-0.1675348
17.64,-0.0027390872
17.65,-0.029101674
17.66,-0.058349393
17.67,-0.027672684
17.68,0.0024203814
17.69,0.098747924
17.7,0.049942784
17.71,0.104709044
17.72,0.12824175
17.73,0.19173297
17.74,0.22179015
17.75,0.2707803
17.76,0.26665995
17.77,0.23706628
17.78,0.27526093
17.79,0.2849935
17.8,0.2413106
17.81,0.26233292
17.82,0.34502798
17.83,0.10823112
17.84,0.11929483
17.85,0.08287862
17.86,0.104595594
17.87,0.14200108
17.88,0.013126599
17.89,0.002620439
17.9,-0.047241986
17.91,-0.048959848
17.92,0.02397092
17.93,0.0132530695
17.94,-0.035866458
17.95,-0.008437138
17.96,-0.050439004
17.97,-0.06875907
17.98,-0.07330928
17.99,0.027683014
18.0,-0.063986465
18.01,0.06904073
18.02,-0.013551502
18.03,-0.010603416
18.04,-0.00018992389
18.05,-0.04007452
18.06,-0.0120167835
18.07,0.015465319
18.08,0.015459169
18.09,0.02351132
18.1,0.024469208
18.11,0.06859363
18.12,0.09951263
18.13,0.1405256
18.14,0.1359749
18.15,0.14359452
18.16,0.2555242
18.17,0.18123797
18.18,0.102582544
18.19,0.12028448
18.2,0.089411505
18.21,0.10639394
18.22,0.09194624
18.23,0.048042152
18.24,0.038540617
18.25,0.13380471
18.26,0.03945958
18.27,-0.00071281666
18.28,0.023153229
18.29,-0.018851396
18.3,-0.11140989
18.31,-0.110654905
18.32,0.364504
18.33,0.988484
18.34,1.2249981
18.35,0.83299154
18.36,0.12974946
18.37,-0.23410454
18.38,-0.3128562
18.39,-0.36848536
18.4,-0.06179323
18.41,0.06533467
18.42,0.09327076
18.43,0.15247041
18.44,0.07295771
18.45,0.11576027
18.46,0.06297708
18.47,0.12979358
18.48,0.23912181
18.49,0.2796981
18.5,0.2449567
18.51,0.30970892
18.52,0.4161655
18.53,0.38397795
18.54,0.41064513
18.55,0.4107731
18.56,0.50775445
18.57,0.36451215
18.58,0.39398497
18.59,0.28558764
18.6,0.34663227
18.61,0.23290701
18.62,0.23650663
18.63,0.31343254
18.64,0.2875413
18.65,0.1121421
18.66,0.13022935
18.67,0.22836375
18.68,0.010732309
18.69,0.18485604
18.7,0.14512774
18.71,0.13369228
18.72,0.1689278
18.73,0.1612129
18.74,0.01189044
18.75,0.1885546
18.76,0.06567969
18.77,0.11102238
18.78,0.09677588
18.79,0.20618957
18.8,0.13507406
18.81,0.09956044
18.82,0.022472663
18.83,0.06504911
18.84,0.081100285
18.85,0.048566263
18.86,0.16789804
18.87,0.15196443
18.88,0.1334043
18.89,0.07069267
18.9,0.11925919
18.91,0.15786372
18.92,0.12214701
18.93,0.3114774
18.94,0.16408186
18.95,0.2217881
18.96,0.2922589
18.97,0.22385502
18.98,0.26600465
18.99,0.29331806
19.0,0.06267785
19.01,0.1912165
19.02,0.121377416
19.03,0.06088627
19.04,0.06168446
19.05,0.052985378
19.06,0.07317586
19.07,0.07349716
19.08,0.043160684
19.09,-0.033544295
19.1,-0.15555696
19.11,0.11943946
19.12,0.6713538
19.13,1.2150106
19.14,1.1911377
19.15,0.59396917
19.16,0.0649465
19.17,-0.22906141
19.18,-0.2582473
19.19,-0.10746888
19.2,-0.0494198
19.21,-0.00042638945
19.22,0.06837717
19.23,0.18249741
19.24,0.17972222
19.25,0.10148892
19.26,0.20959684
19.27,0.3341115
19.28,0.24309477
19.29,0.27752775
19.3,0.34151265
19.31,0.36155936
19.32,0.38504767
19.33,0.42102554
19.34,0.40459603
19.35,0.41632834
19.36,0.43955186
19.37,0.35229817
19.38,0.43202567
19.39,0.3621534
19.4,0.34601536
19.41,0.24141288
19.42,0.2657838
19.43,0.24366839
19.44,0.31569266
19.45,0.039865736
19.46,0.10374009
19.47,0.035803344
19.48,0.13361116
19.49,0.06158923
19.5,0.06956289
19.51,0.048018973
19.52,0.08246892
19.53,0.12338633
19.54,0.02137503
19.55,-0.00239685
19.56,0.04884808
19.57,0.15251376
19.58,0.03914518
19.59,0.076450616
19.6,0.062259704
19.61,0.12357937
19.62,-0.024190336
19.63,0.053989157
19.64,0.10372013
19.65,0.19742346
19.66,0.15179494
19.67,0.21354087
19.68,0.16995211
19.69,0.21831653
19.7,0.13800742
19.71,0.17718747
19.72,0.094341196
19.73,0.13584863
19.74,0.13139279
19.75,0.11131785
19.76,0.043630876
19.77,-0.04277237
19.78,-0.04177383
19.79,0.09458408
19.8,0.012585814
19.81,-0.03692745
19.82,-0.113785386
19.83,-0.19902337
19.84,-0.11586109
19.85,0.50830096
19.86,1.0549194
19.87,1.1444684
19.88,0.58607775
19.89,-0.061100803
19.9,-0.37571317
19.91,-0.45133406
19.92,-0.32379952
19.93,-0.116109125
19.94,-0.007922158
19.95,0.014074234
19.96,-0.021881588
19.97,0.023663446
19.98,0.06451405
19.99,-0.024788707
